name,cas,smiles,cluster,chaos_id,r_chaos_vs_paper,error
aceticacid,64-19-7,CC(=O)O,9.0,6596,0.9933333359723213,
aceticanhydride,108-24-7,CC(=O)OC(=O)C,4.0,6638,0.9615155343721243,
propanone,67-64-1,CC(=O)C,2.0,8973,0.99670739613082,
acetonitrile,75-05-8,CC#N,4.0,5717,0.9872770039806862,
acetophenone,98-86-2,CC(=O)C1=CC=CC=C1,3.0,7403,0.9929161036421601,
acetylacetone,123-54-6,CC(=O)CC(=O)C,4.0,5994,0.9903172962173203,
ethanolamine,141-43-5,C(CO)N,8.0,44523,0.9116629281405473,
aniline,62-53-3,C1=CC=C(C=C1)N,6.0,45183,0.9662218179395164,
anisole,100-66-3,COC1=CC=CC=C1,6.0,36126,0.858608005612569,
benzaldehyde,100-52-7,C1=CC=C(C=C1)C=O,3.0,49066,0.9844345626888144,
benzene,71-43-2,C1=CC=CC=C1,5.0,52999,0.9997420386893513,
benzonitrile,100-47-0,C1=CC=C(C=C1)C#N,6.0,43861,0.984975776545423,
benzylalcohol,100-51-6,C1=CC=C(C=C1)CO,7.0,51327,0.9939342859646335,
bromobenzene,108-86-1,C1=CC=C(C=C1)Br,5.0,276,0.9982048452270803,
1-bromobutane,109-65-9,CCCCBr,5.0,18067,0.9997310063416295,
bromoethane,74-96-4,CCBr,5.0,14127,0.9997801292084109,
1-butanol,71-36-3,CCCCO,7.0,24811,0.9887667567515441,
2-butanol,78-92-2,CCC(C)O,7.0,15340,0.9953585025973607,
butanone,78-93-3,CCC(=O)C,3.0,14946,0.9961076080696657,
n-butylacetate,123-86-4,CCCCOC(=O)C,3.0,25023,0.9943475479060335,
1-butylamine,109-73-9,CCCCN,1.0,24620,0.9979114153677987,
butyronitrile,109-74-0,CCCC#N,3.0,16769,0.9946381416150951,
cs2,75-15-0,C(=S)=S,5.0,51763,0.9999947025100709,
ccl4,56-23-5,C(Cl)(Cl)(Cl)Cl,5.0,40555,0.9999565699716545,
chlorobenzene,108-90-7,C1=CC=C(C=C1)Cl,5.0,41528,0.9992483297951466,
1-chlorobutane,109-69-3,CCCCCl,5.0,24617,0.9988207574099319,
chcl3,67-66-3,C(Cl)(Cl)Cl,6.0,40617,0.9920879379866882,
1-chloropropane,540-54-5,CCCCl,5.0,25702,0.9992650610018027,
2-chloropropane,75-29-6,CC(C)Cl,5.0,10420,0.9985386835381581,
3-hydroxytoluene,108-39-4,CC1=CC(=CC=C1)O,9.0,39739,0.9979233257018754,
cyclohexane,110-82-7,C1CCCCC1,5.0,2189,0.999982255826722,
cyclohexanol,108-93-0,C1CCC(CC1)O,7.0,50820,0.9962235115286877,
cyclohexanone,108-94-1,C1CCC(=O)CC1,3.0,48204,0.9967396990419296,
cyclohexene,110-83-8,C1CCC=CC1,5.0,1906,0.9824621582608905,
cyclopentane,287-92-3,C1CCCC1,5.0,2182,0.9999552417999158,
cyclopentanone,120-92-3,C1CCC(=O)C1,3.0,48178,0.9969632170724437,
n-decane,124-18-5,CCCCCCCCCC,5.0,21147,0.9999794937128855,
"1,1'-oxybis-2-ethoxy-ethane",112-36-7,CCOCCOCCOCC,3.0,29022,0.9741819379723757,
diglyme,111-96-6,COCCOCCOC,3.0,33932,0.9839292593057491,
dibenzylether,103-50-4,C1=CC=C(C=C1)COCC2=CC=CC=C2,3.0,52626,0.9700905699715631,
di-n-butylether,142-96-1,CCCCOCCCC,3.0,25142,0.9809444641744788,
"1,3-dichlorobenzene",541-73-1,C1=CC(=CC(=C1)Cl)Cl,5.0,41495,0.991701148415767,
"1,2-dichlorobenzene",95-50-1,C1=CC=C(C(=C1)Cl)Cl,5.0,41548,0.9969592305598918,
"1,2-dichloroethane",107-06-2,C(CCl)Cl,6.0,40852,0.9833654996427078,
"1,1-dichloroethane",75-34-3,CC(Cl)Cl,6.0,11369,0.949832242893659,
"1,1-dichloroethylene",75-35-4,C=C(Cl)Cl,5.0,3165,0.9850716540341311,
"cis-1,2-dichloroethene",156-59-2,C(=C\Cl)\Cl,6.0,40504,0.9558278140821592,
ch2cl2,75-09-2,C(Cl)Cl,6.0,40893,0.9358635423543282,
diethylamine,109-89-7,CCNCC,1.0,27124,0.9966460565814863,
diethylcarbonate,105-58-8,CCOC(=O)OCC,3.0,28347,0.9757903268171604,
diethyleneglycol,111-46-6,C(COCCO)O,8.0,51221,0.9132609771232649,
diethylether,60-29-7,CCOCC,3.0,28834,0.9933074876280666,
diisopropylether,108-20-3,CC(C)OC(C)C,3.0,10630,0.9879892544443025,
"1,2-dimethoxyethane",110-71-4,COCCOC,3.0,33904,0.9826801111227589,
"n,n-dimethylacetamide",127-19-5,CC(=O)N(C)C,2.0,6170,0.9965500100890752,
"n,n-dimethylaniline",121-69-7,CN(C)C1=CC=CC=C1,5.0,31306,0.9966073408335809,
"3,3-dimethyl-2-butanone",75-97-8,CC(=O)C(C)(C)C,3.0,5815,0.9961522393434044,
dimethylformamide,68-12-2,CN(C)C=O,2.0,30991,0.9971817492216818,
"2,4-dimethylpyridine",108-47-4,CC1=CC(=NC=C1)C,2.0,40119,0.9970889632850507,
"2,6-dimethylpyridine",108-48-5,CC1=NC(=CC=C1)C,2.0,39641,0.9965583710743174,
dimethylsulfoxide,67-68-5,CS(=O)C,4.0,36413,0.9970326649614321,
"2,6-dimethyl-4-heptanone",108-83-8,CC(C)CC(=O)CC(C)C,3.0,9509,0.9950510275569714,
"2,4-dimethyl-3-pentanone",565-80-0,CC(C)C(=O)C(C)C,3.0,9006,0.9953243676746594,
dioxane,123-91-1,C1COCCO1,3.0,2307,0.9875369336207194,
diphenylether,101-84-8,C1=CC=C(C=C1)OC2=CC=CC=C2,5.0,52725,0.9813489948975993,
di-n-propylether,111-43-3,CCCOCCC,3.0,26079,0.9959910849522384,
"1,3-dimethyl-2-imidazolidinone",80-73-9,CN1CCN(C1=O)C,2.0,31596,0.9969179494951534,
"1,3-dimethyltetrahydropyrimidin-2(1h)-one",7226-23-5,CN1CCCN(C1=O)C,2.0,31589,0.9963942895384116,
ethanol,64-17-5,CCO,7.0,27202,0.9938794460534577,
ethylacetate,141-78-6,CCOC(=O)C,3.0,28629,0.9946987709344579,
ethylbenzoate,93-89-0,CCOC(=O)C1=CC=CC=C1,3.0,28488,0.9841293485926684,
ethylformate,109-94-4,CCOC=O,3.0,28832,0.9854573907825784,
ethylpropionate,105-37-3,CCC(=O)OCC,3.0,27922,0.9938621296336932,
"1,2-diaminoethane",107-15-3,C(CN)N,2.0,44507,0.9982566133855244,
glycol,107-21-1,C(CO)O,8.0,51203,0.9938631373276288,
fluorobenzene,462-06-6,C1=CC=C(C=C1)F,5.0,43199,0.9996260251079491,
formamide,75-12-7,C(=O)N,10.0,44367,0.8868998471470915,
2-furanmethanol,98-00-0,C1=COC(=C1)CO,8.0,51334,0.9475256611646197,
glycerol,56-81-5,C(C(CO)O)O,8.0,50973,0.9226694859571631,
n-heptane,142-82-5,CCCCCCC,5.0,19839,0.999985263624826,
hexamethylphosphoramide,680-31-9,CN(C)P(=O)(N(C)C)N(C)C,2.0,31111,0.9949496124429775,
hexane,110-54-3,CCCCCC,5.0,19127,0.9999824281033024,
1-hexanol,111-27-3,CCCCCCO,7.0,23808,0.9931301343377058,
iodobenzene,591-50-4,C1=CC=C(C=C1)I,5.0,43279,0.9985126589075947,
iodoethane,75-03-6,CCI,5.0,26587,0.9996133424786435,
isobutanol,78-83-1,CC(C)CO,7.0,10237,0.9931491121107476,
"2,2,4-trimethylpentane",540-84-1,CC(C)CC(C)(C)C,5.0,9557,0.9999879767406895,
"1,3,5-trimethylbenzene",108-67-8,CC1=CC(=CC(=C1)C)C,5.0,37854,0.9991291541348377,
methanol,67-56-1,CO,8.0,32054,0.974174284663704,
methylacetate,79-20-9,CC(=O)OC,3.0,33256,0.9956791637606697,
methylbenzoate,93-58-3,COC(=O)C1=CC=CC=C1,3.0,33123,0.9924064810369101,
2-methyl-2-butanol,75-85-4,CCC(C)(C)O,7.0,14730,0.9918002982479165,
isopentanol,123-51-3,CC(C)CCO,7.0,10113,0.9951887534583677,
3-methyl-2-butanone,563-80-4,CC(C)C(=O)C,3.0,5833,0.995904349339914,
methylformate,107-31-3,COC=O,4.0,33627,0.9882622247444713,
4-methyl-2-pentanone,108-10-1,CC(C)CC(=O)C,3.0,5995,0.9952458710366803,
2-methoxyethanol,109-86-4,COCCO,8.0,33903,0.9573675540509873,
n-methylacetamide,79-16-3,CC(=O)NC,4.0,31859,0.9471056439436262,
methylformamide,123-39-7,CNC=O,4.0,31889,0.9646165087326889,
n-methyl-2-pyrrolidinone,872-50-4,CN1CCCC1=O,2.0,31569,0.9968571491082148,
morpholine,110-91-8,C1COCCN1,2.0,2304,0.9974912455604958,
nitrobenzene,98-95-3,C1=CC=C(C=C1)[N+](=O)[O-],6.0,50309,0.8913598934782739,
nitroethane,79-24-3,CC[N+](=O)[O-],6.0,30080,0.9524264445025157,
nitromethane,75-52-5,C[N+](=O)[O-],6.0,36777,0.9389339788511843,
octane,111-65-9,CCCCCCCC,5.0,20423,0.9999831447358939,
1-octanol,111-87-5,CCCCCCCCO,7.0,23241,0.9936753504751253,
pentane,109-66-0,CCCCC,5.0,18068,0.9999862487744122,
1-pentanol,71-41-0,CCCCCO,7.0,24205,0.9911046070807094,
2-pentanol,6032-29-7,CCCC(C)O,7.0,17340,0.9954619902614511,
3-pentanol,584-02-1,CCC(CC)O,7.0,15982,0.9944504310288436,
2-pentanone,107-87-9,CCCC(=O)C,3.0,17199,0.9960051965200203,
3-pentanone,96-22-0,CCC(=O)CC,3.0,14269,0.9955319270180916,
n-pentylacetate,628-63-7,CCCCCOC(=O)C,3.0,24300,0.9936077538271066,
ethoxybenzene,103-73-1,CCOC1=CC=CC=C1,5.0,29748,0.8392878981615414,
phenol,108-95-2,C1=CC=C(C=C1)O,9.0,51638,0.9979450428595459,
3-picoline,108-99-6,CC1=CN=CC=C1,2.0,40097,0.9976187547202486,
4-methylpyridine,108-89-4,CC1=CC=NC=C1,2.0,40131,0.9976196621334018,
piperidine,110-89-4,C1CCNCC1,1.0,2252,0.9974757141666565,
propanol,71-23-8,CCCO,7.0,25867,0.9944574529372532,
2-propanol,67-63-0,CC(C)O,7.0,10549,0.99599762759066,
n-propylamine,107-10-8,CCCN,1.0,25705,0.997930573552156,
n-propylformate,110-74-7,CCCOC=O,3.0,26044,0.9854874180501221,
propylenecarbonate,108-32-7,CC1COC(=O)O1,4.0,13946,0.9686060313720815,
propionitrile,107-12-0,CCC#N,4.0,14180,0.9936824172895656,
pyridine,110-86-1,C1=CC=NC=C1,2.0,53002,0.9975004453305508,
pyrrolidine,123-75-1,C1CCNC1,1.0,2251,0.9972630962663662,
chinoline,91-22-5,C1=CC=C2C(=C1)C=CC=N2,2.0,52983,0.9975069908194913,
styrene,100-42-5,C=CC1=CC=CC=C1,5.0,5558,0.9999557655964376,
"tetrahydrothiophene-1,1-dioxide",126-33-0,C1CCS(=O)(=O)C1,4.0,49564,0.966019926450872,
tert-butanol,75-65-0,CC(C)(C)O,7.0,8095,0.9937501921508518,
methyl-t-butylether,1634-04-4,CC(C)(C)OC,3.0,33221,0.9890315058816337,
"2,5,8,11,14-pentaoxapentadecane",143-24-8,COCCOCCOCCOCCOC,3.0,33946,0.8426011289646992,
"1,1,2,2-tetrachloroethane",79-34-5,C(C(Cl)Cl)(Cl)Cl,6.0,40604,0.953599818856161,
"2,2'-oxybis(2,1-ethanediyloxy)bisethanol",112-60-7,C(COCCOCCOCCO)O,7.0,51226,0.9751104327085657,
thf,109-99-9,C1CCOC1,2.0,2253,0.9901690654874025,
tetramethylurea,632-22-4,CN(C)C(=O)N(C)C,2.0,30898,0.9962741708988635,
toluene,108-88-3,CC1=CC=CC=C1,5.0,39902,0.9995388643450166,
"1,1,1-trichloroethane",71-55-6,CC(Cl)(Cl)Cl,5.0,11302,0.9971768018363975,
trichloroethene,79-01-6,C(=C(Cl)Cl)Cl,5.0,40718,0.9733521923135967,
triethylamine,121-44-8,CCN(CC)CC,1.0,26732,0.9786941050550404,
triethyleneglycol,112-27-6,C(COCCOCCO)O,2.0,51224,0.8444847127263707,
trifluoroaceticacid,76-05-1,C(=O)(C(F)(F)F)O,9.0,46413,0.9996083600779653,
"2,2,2-trifluoroethanol",75-89-8,C(C(F)(F)F)O,9.0,50937,0.9985815279642738,
"1,3-propanediol",504-63-2,C(CO)CO,8.0,51163,0.9978485046441814,
"2,4,6-collidine",108-75-8,CC1=CC(=NC(=C1)C)C,2.0,37882,0.9962056920806996,
"1,3-dimethylbenzene",108-38-3,CC1=CC(=CC=C1)C,5.0,39613,0.9993266717099223,
"1,2-dimethylbenzene",95-47-6,CC1=CC=CC=C1C,5.0,39924,0.9992656307033609,
"1,4-dimethylbenzene",106-42-3,CC1=CC=C(C=C1)C,5.0,38709,0.9993381204887165,
h2o,7732-18-5,O,10.0,45385,0.9842955060899395,
propyleneglycol,57-55-6,CC(CO)O,8.0,11781,0.9947689141016286,
(chloromethyl)cyclopropane,5911-08-0,ClCC1CC1,,40762,0.9993645177046625,
(dichloromethyl)dimethylchlorosilane,18171-59-0,C[Si](C)(Cl)C(Cl)Cl,,37078,0.9671163750315307,
(e)-(1-methyl-1-propenyl)benzene,768-00-3,C\C=C(/C)c1ccccc1,,1245,0.9996620052487006,
(e)-1-propenylbenzene,637-50-3,C/C=C/c1ccccc1,,1661,0.999804794574202,
"(e)-1,3-hexadiene",20237-34-7,CC/C=C/C=C,,3302,0.9994355803781937,
(e)-2-decene,20063-97-2,CCCCCCC\C=C/C,,1732,0.9979527376223201,
(e)-2-butenenitrile,627-26-9,C/C=C/C#N,,1296,0.9869337003294618,
(e)-2-heptenoic-acid,18999-28-5,CCCC/C=C/C(O)=O,,17786,0.9843499509473784,
(e)-3-methyl-2-pentene,616-12-6,CC\C(C)=C\C,,1224,0.9910346519688621,
(e)-4-octene,14850-23-8,CCC/C=C/CCC,,16198,0.9971270473899763,
(e)-5-undecene,764-97-6,CCCCC\C=C\CCCC,,17806,0.9986849160778708,
"(e,z)-2,4-hexadiene",5194-50-3,C/C=C/C=C\C,,1710,0.9985510906507724,
(trichloromethyl)-benzene,98-07-7,ClC(Cl)(Cl)c1ccccc1,,40564,0.999272572404624,
(methylthio)-ethane,624-89-5,CCSC,,29875,0.8866784257130842,
(z)-2-hexene,7688-21-3,CCC/C=C\C,,1726,0.9869216226851883,
(z)-2-methyl-2-pentenal,623-36-9,CC\C=C(/C)C=O,,12075,0.9935750515889799,
(z)-2-octene,7642-04-08 00:00:00,CCCCC\C=C/C,,1729,0.9908317192308266,
"(z,z)-9,12-octadecadienoicacid",60-33-3,CCCCC/C=C\C/C=C\CCCCCCCC(=O)O,,18943,-0.7149961096078504,
"(z)-4,4-dimethyl-2-pentene",762-63-0,C/C=C\C(C)(C)C,,1687,0.9994950744961946,
(z)-5-undecene,764-96-5,CCCCC/C=C\CCCC,,17853,0.9909053079318847,
"1,1'-bicyclohexyl-2-one",90-42-6,C1CCC(CC1)C2CCCCC2=O,,48210,0.9960250348545221,
"1,1'-methylenebis(oxy)bisbutane",2568-90-3,CCCCOCOCCCC,,25206,0.9781529959363714,
"1,1'-methylenebis(oxy)bispropane",505-84-0,CCCOCOCCC,,26116,0.9769870376651092,
"1,1'-oxybis-octane",629-82-3,CCCCCCCCOCCCCCCCC,,23315,0.9914450324901268,
"1,1'-thiobis2-methylpropane",592-65-4,CC(C)CSCC(C)C,,10365,0.8511006879495869,
"1,1'-thiobispropane",111-47-7,CCCSCCC,,26304,0.9459424816744396,
"1,1,1,2-tetrachloroethane",630-20-6,ClCC(Cl)(Cl)Cl,,40734,0.9201650062121948,
"1,1,1-trichloro-2,2,3,3,3-pentafluoropropane",4259-43-2,FC(F)(F)C(F)(F)C(Cl)(Cl)Cl,,41987,0.9998843766844999,
"1,1,1-trifluoro-2-propanol",374-01-6,CC(O)C(F)(F)F,,11675,0.9984929297313285,
"1,1,1-trifluoromethylmethylether",421-14-7,COC(F)(F)F,,33384,0.9967451455135851,
"1,1,2,2-tetrabromoethane",79-27-6,BrC(Br)C(Br)Br,,23,0.9086956590567566,
"1,1,2,2-tetrachloro-1-fluoroethane",354-14-3,FC(Cl)(Cl)C(Cl)Cl,,41770,0.9970483806196533,
"1,1,2,3,4,4-hexachloro-1,3-butadiene",87-68-3,ClC(Cl)=C(Cl)C(Cl)=C(Cl)Cl,,40573,0.9999586015874751,
"1,1,2,2-tetrafluoro-1-(trifluoromethoxy)ethane",2356-61-8,FC(F)C(F)(F)OC(F)(F)F,,42468,0.994599563594485,
"1,1,2-trichloroethane",79-00-5,ClCC(Cl)Cl,,40752,0.9277975822417148,
"1,1,2-trimethylcyclohexane",7094-26-0,CC1CCCCC1(C)C,,13812,0.9999884917223022,
"1,1,2-trimethylcyclopentane",4259-00-1,CC1CCCC1(C)C,,13794,0.9999732205407497,
"1,1,3,3-tetramethyl-1,3-diphenyldisiloxane",56-33-7,C[Si](C)(O[Si](C)(C)c1ccccc1)c2ccccc2,,37125,0.41717917543473404,
"1,1,3,3-tetramethylcyclopentane",50876-33-0,CC1(C)CCC(C)(C)C1,,12550,0.9999858447293247,
"1,1-dibromoethane",557-91-5,CC(Br)Br,,7458,0.9460925910420662,
"1,1,3-trimethylcyclopentane",4516-69-2,CC1CCC(C)(C)C1,,13646,0.999983277598175,
"1,1,3-trimethylcyclohexane",3073-66-3,CC1CCCC(C)(C)C1,,13758,0.999986211128318,
"1,1-dichloro-2,2-difluoroethylmethylether",76-38-0,COC(F)(F)C(Cl)Cl,,33369,0.9640324470369979,
"1,1-diethoxyethane",105-57-7,CCOC(C)OCC,,28653,0.981364509804906,
"1,1-dichlorocyclohexane",2108-92-1,ClC1(Cl)CCCCC1,,40637,0.9996523919483289,
"1,1-dimethoxy-2-methyl-propane",41632-89-7,COC(OC)C(C)C,,33408,0.9783842464366205,
"1,1-dimethylcyclohexane",590-66-9,CC1(C)CCCCC1,,12575,0.9999845647022925,
"1,1-dimethylcyclopentane",1638-26-2,CC1(C)CCCC1,,12568,0.9999649922111077,
"1,1-diphenylethane",612-00-0,CC(c1ccccc1)c2ccccc2,,11936,0.9996980351803999,
"1,2,3,4,5,5-hexachloro-1,3-cyclopentadiene",77-47-4,ClC1=C(Cl)C(Cl)(Cl)C(=C1Cl)Cl,,40643,0.9999849195020746,
"1,2,2-trichloropentafluoropropane",1599-41-3,FC(F)(F)C(Cl)(Cl)C(F)(F)Cl,,41950,0.999873712503359,
"1,2,3,4-tetrafluorobenzene",551-62-2,C1=CC(=C(C(=C1F)F)F)F,,43149,0.9746256612099061,
"1,2,3,4-tetrahydro-2-methylnaphthalene",3877-19-8,CC1CCC2=CC=CC=C2C1,,13903,0.999073366857437,
"1,2,3,4-tetrahydro-5-methylnaphthalene",2809-64-5,CC1=C2CCCCC2=CC=C1,,39819,0.9987668249489411,
"1,2,3,4-tetrahydro-6-methylnaphthalene",1680-51-9,CC1=CC2=C(CCCC2)C=C1,,39324,0.9990158640071888,
"1,2,3,5-tetramethylbenzene",527-53-7,CC1=CC(=C(C(=C1)C)C)C,,37684,0.9986983111072404,
"1,2,3,4-tetramethylbenzene",488-23-3,CC1=C(C(=C(C=C1)C)C)C,,38638,0.9987297502073046,
"1,2,3,5-tetrafluorobenzene",2367-82-0,C1=C(C=C(C(=C1F)F)F)F,,43085,0.9559112740740201,
"1,2,3,5-tetraethylbenzene",38842-05-6,CCC1=CC(=C(C(=C1)CC)CC)CC,,30311,0.9985532097399259,
"1,2,3-trichloropropane",96-18-4,ClCC(Cl)CCl,,40749,0.9504123707032467,
"1,2,3-trichloro-1,1,2,3,3-pentafluoropropane",76-17-5,C(C(F)(F)Cl)(C(F)(F)Cl)(F)Cl,,41869,0.9999091072125657,
"1,2,3-trimethylbenzene",526-73-8,Cc1cccc(C)c1C,,39618,0.9989486649530538,
"1,2,3-trimethylcyclohexane,(1a,2b,3a)",1678-81-5,CC1CCCC(C1C)C,,13768,0.9999858725753614,
"1,2,4-trimethylbenzene",95-63-6,Cc1ccc(C)c(C)c1,,38637,0.9990293467265994,
"1,2,4-trifluorobenzene",367-23-7,Fc1ccc(F)c(F)c1,,43148,0.9698430423843721,
"1,2-butanediol",584-03-2,CCC(O)CO,,16014,0.9908730610566748,
"1,2-cycloheptanedione",3008-39-7,O=C1CCCCCC1=O,,48224,0.9571850405921715,
"1,2-dibutoxyethane",112-48-1,CCCCOCCOCCCC,,25176,0.9643010009095305,
"1,2-dichloro-1-fluoroethane",430-57-9,FC(Cl)CCl,,41809,0.9093565954552206,
"1,2-dichloro-2-fluoropropane",420-97-3,CC(F)(Cl)CCl,,11389,0.9702930871658879,
"1,2-diethylbenzene",135-01-3,CCc1ccccc1CC,,30671,0.9989471927383359,
"1,2-dichloro-3,3,4,4,5,5-hexafluorocyclopentene",706-79-6,FC1(F)C(=C(Cl)C(F)(F)C1(F)F)Cl,,42612,0.999741814021528,
"1,2-diisopropylbenzene",577-55-9,CC(C)c1ccccc1C(C)C,,10940,0.9991413803618907,
"1,2-dimethylhydrazine",540-73-8,CNNC,,31959,0.9970967708423254,
"1,2-dimethyl-cyclopentene",765-47-9,CC1=C(C)CCC1,,13020,0.9963193342612885,
"1,2-dimethylcyclohexene",1674-10-8,CC1=C(C)CCCC1,,13021,0.997284090450104,
"1,2-dimethylnaphthalene",573-98-8,Cc1ccc2ccccc2c1C,,39504,0.9997875898298895,
"1,2-epoxy-3-ethoxypropane",4016-11-09 00:00:00,CCOCC1CO1,,28926,0.9912981877943147,
"1,2-ethanedithiol",540-63-6,SCCS,,51824,0.9636648200898199,
"1,2-propyleneglycoldiacetate",623-84-7,CC(COC(C)=O)OC(C)=O,,6875,0.9878712223631699,
"1,3,5-trifluorobenzene",372-38-3,C1=C(C=C(C=C1F)F)F,,43093,0.9564836528891515,
"1,3,5-triisopropylbenzene",717-74-8,CC(C)C1=CC(=CC(=C1)C(C)C)C(C)C,,10817,0.9994621895604153,
"1,3,5-triethylbenzene",102-25-0,CCC1=CC(=CC(=C1)CC)CC,,30323,0.9988262668432154,
"1,3,5-trimethyladamantane",707-35-7,CC12CC3CC(C1)(CC(C3)(C2)C)C,,12887,0.9999861594974293,
"1,3-butanediol",107-88-0,CC(CCO)O,,11753,0.9958099453323519,
"1,3-bis(1-methylethyl)-benzene",99-62-7,CC(C)C1=CC(=CC=C1)C(C)C,,10918,0.99931139995898,
"1,3-cyclohexadiene",592-57-4,C1CC=CC=C1,,1900,0.9980028862397017,
"1,3-cycloheptadiene",4054-38-0,C1CC=CC=CC1,,1907,0.9974592924177486,
"1,3-dibromopropane",109-64-8,C(CBr)CBr,,111,0.9954580330655909,
"1,3-dibromobenzene",108-36-1,Brc1cccc(Br)c1,,263,0.9886627464357871,
"1,3-dichloro-2-propanol",96-23-1,OC(CCl)CCl,,50683,0.7479852593373038,
"1,3-dichloro-trans-2-butene",10075-38-4,C\C(Cl)=C\CCl,,1092,0.9993129950507028,
"1,3-dichloropropane",142-28-9,ClCCCCl,,40842,0.9987238749512121,
"1,3-diethylbenzene",141-93-5,CCc1cccc(CC)c1,,30605,0.9991700554972593,
"1,3-diethenylbenzene",108-57-6,C=Cc1cccc(C=C)c1,,5544,0.9999498028450332,
"1,3-diethyl-5-methylbenzene",2050-24-0,CCc1cc(C)cc(CC)c1,,30291,0.9990716533931633,
"1,3-diiodopropane",627-31-6,ICCCI,,43248,0.9940142096295558,
"1,3-dimethyladamantane",702-79-4,CC12CC3CC(C1)CC(C)(C3)C2,,12888,0.999978302123158,
"1,3-dioxane",505-22-6,C1COCOC1,,2314,0.9776209612747221,
"1,3-dimethylnaphthalene",575-41-7,Cc1cc(C)c2ccccc2c1,,37834,0.9998360569505002,
"1,4-butadiol",110-63-4,C(CCO)CO,,51142,0.995206948073829,
2-ethoxy-2-methyl-propane,637-92-3,CCOC(C)(C)C,,28608,0.9822689696734334,
co2,124-38-9,C(=O)=O,,48815,0.9979765578405118,
1-methyl-4-isopropylbenzene,99-87-6,CC1=CC=C(C=C1)C(C)C,5.0,38552,0.9994186972009332,
diethoxymethane,462-95-3,CCOCOCC,,29053,0.9738270285471791,
"2,2-dimethyl-4-hydroxymethyl-1,3-dioxolane",100-79-8,CC1(OCC(O1)CO)C,7.0,12706,0.7110133276051116,
2-hydroxypropanoicacidethylester,97-64-3,CCOC(=O)C(C)O,7.0,27603,0.8159025959422985,
ethyllaurate,106-33-2,CCCCCCCCCCCC(=O)OCC,3.0,21607,0.9833890853341072,
"4-hydroxymethyl-1,3-dioxolan",5464-28-8,C1C(OCO1)CO,8.0,51034,0.8463630161253368,
lacticacid,50-21-5,CC(C(=O)O)O,,11641,0.9840557728068933,
dipentene,138-86-3,CC1=CCC(CC1)C(=C)C,5.0,2709,0.9968211942200044,
2-octanol,123-96-6,CCCCCCC(C)O,,20087,0.994382783879175,
glycerol-triacetate,102-76-1,CC(=O)OCC(COC(=O)C)OC(=O)C,3.0,6893,0.9807918420912863,
methyl-tert-amylether,994-05-8,CCC(C)(C)OC,,14731,0.9899655602288685,
benzoicacidphenylmethylester,120-51-4,C1=CC=C(C=C1)COC(=O)C2=CC=CC=C2,3.0,47628,0.9632178936759482,
cyclopentyl-methyl-ether,5614-37-9,COC1CCCC1,3.0,33553,0.9814488356474224,
dimethyl_adipate,627-93-0,COC(=O)CCCCC(=O)OC,3.0,32674,0.9934906517366205,
pentanedioicaciddimethylester,1119-40-0,COC(=O)CCCC(=O)OC,3.0,32656,0.9905192795806332,
dimethylsuccinate,106-65-0,COC(=O)CCC(=O)OC,3.0,32617,0.9906399539811448,
diethyleneglycolmonobutylether,112-34-5,CCCCOCCOCCO,,25178,0.9007929215073528,
dimethylcarbonate,616-38-6,COC(=O)OC,,32931,0.9884357527280748,
"n,n-dimethyldecanamid",14433-76-2,CCCCCCCCCC(=O)N(C)C,3.0,21164,0.9960789731456609,
"n,n-dimethyloctanamide",1118-92-9,CCCCCCCC(=O)N(C)C,2.0,20453,0.996108371021717,
dioxolane,646-06-0,C1COCO1,3.0,2313,0.9796046701098347,
"1,2-ethanedioldiacetate",111-55-7,CC(=O)OCCOC(C)=O,,7006,0.9866410955328303,
hexamethyldisiloxane,107-46-0,C[Si](C)(C)O[Si](C)(C)C,,37001,0.4873508295436929,
isoamylacetate,123-92-2,CC(C)CCOC(=O)C,3.0,6939,0.9923355741955656,
aceticacid-2-methylpropylester,110-19-0,CC(C)COC(=O)C,3.0,6870,0.9939423541731472,
methyl-5-(dimethylamino)-2-methyl-5-oxopentanoate,1174627-68-9,CC(CCC(=O)N(C)C)C(=O)OC,2.0,32279,0.9948347901836619,
"1,1,1,3,3-pentafluorobutane",406-58-6,CC(CC(F)(F)F)(F)F,,11437,0.9394459334762567,
1-nonene,124-11-8,CCCCCCCC=C,,4454,0.9969664893970228,
2-nitropropane,79-46-9,CC(C)[N+](=O)[O-],,10793,0.9585823573470763,
4-oh-4-me-2-pentanone,123-42-2,CC(=O)CC(C)(C)O,,5991,0.9297500110156786,
isophorone,78-59-1,CC1=CC(=O)CC(C1)(C)C,,13100,0.9968142672341768,
methyloleate,112-62-9,CCCCCCCC/C=C\CCCCCCCC(=O)OC,3.0,20767,0.9936946293914658,
dimethoxymethane,109-87-5,COCOC,,33984,0.9745600666548361,
tetrachloroethene,127-18-4,ClC(Cl)=C(Cl)Cl,5.0,40580,0.9999442149196995,
beta-pinene,127-91-3,CC1(C2CCC(=C)C1C2)C,5.0,3386,0.9879078426230299,
gamma-butyrolactone,96-48-0,O=C1CCCO1,,48304,0.995457454259547,
"((1,1-dimethylethoxy)methyl)oxirane",7665-72-7,CC(C)(C)OCC1CO1,,8156,0.982954878335219,
"(1,1-dimethylethyl)benzene",98-06-6,CC(C)(C)c1ccccc1,,8336,0.9994717041404266,
(1-methylethyl)-cyclopentane,3875-51-2,CC(C)C1CCCC1,,9440,0.9999792500964293,
(2-propenyloxy)methyl-oxirane,106-92-3,C=CCOCC1CO1,,4816,0.9872258062153013,
(2-methyl-1-propenyl)benzene,786-49-0,CC(C)=Cc1ccccc1,,8947,0.9996132852710805,
(3-chloropropyl)trimethoxy-silane,2530-87-2,CO[Si](CCCCl)(OC)OC,,34296,0.6391134898464772,
(3-chloropropyl)dimethylchlorosilane,10605-40-0,C[Si](C)(Cl)CCCCl,,37090,0.9991097393645076,
(chloromethyl)-oxirane,106-89-8,ClCC1CO1,,40766,0.9053381071942896,
(c-chloroethoxy)ethene,110-75-8,ClCCOC=C,,5230,0.9477541568100991,
(chloromethyl)-benzene,100-44-7,ClCc1ccccc1,,40932,0.9996468461893077,
(dichloromethyl)-benzene,98-87-3,ClC(Cl)c1ccccc1,,40623,0.9723308560578842,
1-chloro-2-methylbenzene,95-49-8,Cc1ccccc1Cl,,39999,0.9999170861513271,
1-chloro-2-methyl-propane,513-36-0,CC(C)CCl,,10208,0.9994212968428327,
1-chloro-2-methyl-2-propanol,558-42-9,CC(C)(O)CCl,,8569,0.706540970800867,
1-chloro-3-bromopropane,109-70-6,ClCCCBr,,40788,0.9973755403400363,
1-chloro-3-ethylbenzene,620-16-6,CCc1cccc(Cl)c1,,30617,0.9998460140505967,
1-chloro-4-(trifluoromethyl)-benzene,98-56-6,FC(F)(F)c1ccc(Cl)cc1,,42265,0.9846317571187876,
1-chloro-4-(1-methylethyl)benzene,2621-46-7,CC(C)c1ccc(Cl)cc1,,10874,0.9998103712208588,
1-chloro-4-fluorobenzene,352-33-0,Fc1ccc(Cl)cc1,,43141,0.9919947483883685,
1-chloro-4-ethylbenzene,622-98-0,CCc1ccc(Cl)cc1,,30493,0.9997878039736757,
1-chloronaphthalene,90-13-1,Clc1cccc2ccccc12,,41523,0.9995442155734956,
1-chlorooctane,111-85-3,CCCCCCCCCl,,23198,0.9994100993004379,
1-chloropentane,543-59-9,CCCCCCl,,24154,0.9992714565123176,
1-chlorohexane,544-10-5,CCCCCCCl,,23755,0.9993182897533032,
1-chloroheptane,629-06-1,CCCCCCCCl,,23489,0.9993685092862037,
1-chlorononane,2473-01-0,CCCCCCCCCCl,,23089,0.9993591287615301,
1-cis-2-trans-3-trimethylcyclopentane,15890-40-1,CC1CCC(C1C)C,,13664,0.9999800571110443,
1-decanethiol,143-10-2,CCCCCCCCCCS,,23039,0.9237001873308425,
1-decene,872-05-9,CCCCCCCCC=C,,4463,0.9980042947947301,
1-cyclopropylethanone,765-43-5,CC(=O)C1CC1,,5931,0.9954430029524226,
1-dodecene,112-41-4,CCCCCCCCCCC=C,,4499,0.9981364911182985,
1-dodecanethiol,112-55-0,CCCCCCCCCCCCS,,22850,0.929236655457034,
1-decyne,764-93-2,CCCCCCCCC#C,,628,0.9911474587223265,
1-dodecyne,765-03-7,CCCCCCCCCCC#C,,637,0.9927108643782249,
1-ethoxy-2-propanol-acetate,54839-24-6,CCOCC(C)OC(C)=O,,28877,0.9898488176972846,
1-ethoxy-2-fluorobenzene,451-80-9,CCOc1ccccc1F,,29763,0.891014904476734,
1-ethoxy-4-fluorobenzene,459-26-7,CCOc1ccc(F)cc1,,29668,0.8561512845249116,
1-ethoxybutane,628-81-9,CCCCOCC,,25082,0.9927486486017963,
1-ethoxyheptane,1969-43-3,CCCCCCCOCC,,23579,0.9931529151829256,
1-ethyl-1-methylcyclopentane,16747-50-5,CCC1(C)CCCC1,,16347,0.9999700957689172,
"1-ethyl-2,3-dimethylbenzene",933-98-2,CCc1cccc(C)c1C,,30599,0.9989090613384891,
"1-ethyl-2,4-dimethylbenzene",874-41-9,CCc1ccc(C)cc1C,,30465,0.9989743136178163,
"1-ethyl-2,4,5-trimethylbenzene",17851-27-3,CCc1cc(C)c(C)cc1C,,30280,0.9989777772964413,
"1-ethyl-3,5-dimethylbenzene",934-74-7,CCc1cc(C)cc(C)c1,,30289,0.9990694642569997,
1-ethyl-4-(1-methylethyl)benzene,4218-48-8,CCc1ccc(cc1)C(C)C,,30452,0.9994126413497487,
1-ethyl-4-methylbenzene,622-96-8,CCc1ccc(C)cc1,,30464,0.999284345364518,
1-ethylcyclohexene,1453-24-3,CCC1=CCCCC1,,16515,0.9939512684313584,
1-ethylcyclopentene,2146-38-5,CCC1=CCCC1,,16512,0.9900677714527307,
1-ethylnaphthalene,1127-76-0,CCc1cccc2ccccc12,,30658,0.9999193644618296,
1-fluoronaphthalene,321-38-0,Fc1cccc2ccccc12,,43198,0.999640707580083,
1-fluoro-4-(trifluoromethyl)benzene,402-44-8,Fc1ccc(cc1)C(F)(F)F,,43123,0.9846296220190134,
1-fluoroheptane,661-11-0,CCCCCCCF,,23490,0.954138680197316,
1-fluorodecane,334-56-5,CCCCCCCCCCF,,22934,0.9608283727252773,
1-fluorohexane,373-14-8,CCCCCCF,,23756,0.9519579149141113,
1-heptanethiol,1639-09-4,CCCCCCCS,,23652,0.9176409033760673,
1-heptanol,111-70-6,CCCCCCCO,,23523,0.9947344992785497,
1-heptene,592-76-7,CCCCCC=C,,4433,0.9965845121086296,
1-heptanamine,111-68-2,CCCCCCCN,,23492,0.9977613331557296,
1-hexanethiol,111-31-9,CCCCCCS,,24027,0.915574779031539,
1-heptyne,628-71-7,CCCCCC#C,,614,0.9914798170369568,
1-hydroxy-2-propanone,116-09-6,CC(=O)CO,,6133,0.7159088412905619,
"1,3-propanediamine",109-76-2,NCCCN,,44482,0.998558885612129,
"1,3-dithiolane",4829-04-03 00:00:00,C1CSCS1,,2333,0.8985282995922984,
"1,3-divinyl-1,1,3,3-tetramethyldisiloxane",2627-95-4,C[Si](C)(O[Si](C)(C)C=C)C=C,,5416,0.1594985227857426,
"1,3-hexadien-5-yne",10420-90-3,C=C/C=C/C#C,,326,0.9772886460559945,
"1,3-propanedithiol",109-80-8,SCCCS,,51812,0.9302803446207955,
"1,4-bis(1-methylethyl)-benzene",100-18-5,CC(C)c1ccc(cc1)C(C)C,,10851,0.9994368315971087,
"1,4-butanedithiol",1191-08-8,SCCCCS,,51810,0.8814670390304942,
"1,4-dibromobutane",110-52-1,BrCCCCBr,,115,0.9986642485082753,
"1,4-diethylbenzene",105-05-5,CCc1ccc(CC)cc1,,30482,0.9993765299456956,
"1,4-dichloro-2-butyne",821-10-3,ClCC#CCCl,,40722,0.9379578942768926,
"1,4-dichlorobutane",110-56-5,ClCCCCCl,,40837,0.9996522567217939,
"1,4-difluoro-2-methylbenzene",452-67-5,Cc1cc(F)ccc1F,,37973,0.9978072304240745,
"1,4-oxathiane",15980-15-1,C1CSCCO1,,2327,0.9842343351388065,
"1,5-dichloro-pentane",628-76-2,C(CCCl)CCCl,,40833,0.9997186594397668,
"1,5-dichlorohexamethyltrisiloxane",3582-71-6,C[Si](C)(O[Si](C)(C)Cl)O[Si](C)(C)Cl,,37104,0.9716061748617527,
"1,5-dimethylcyclopentene",16491-15-9,CC1CCC=C1C,,13234,0.987944319350109,
"1,5-hexadien-3-yne",821-08-9,C=CC#CC=C,,3525,0.9994515848069615,
"1,5-hexadiyne",628-16-0,C#CCCC#C,,597,0.9775013062039334,
"1,6-dimethylnaphthalene",575-43-9,CC1=CC2=CC=CC(=C2C=C1)C,,39256,0.9998312003145091,
"1,6-heptadiyne",2396-63-6,C#CCCCC#C,,611,0.9810963737233789,
"1,6-heptadiene",3070-53-9,C=CCCCC=C,,4431,0.9958921233301297,
"1,6-hexanedithiol",1191-43-1,C(CCCS)CCS,,51808,0.8429348452558827,
"1,7-dimethylnaphthalene",575-37-1,CC1=CC2=C(C=CC=C2C=C1)C,,39492,0.9998207973117612,
"1,8-octanedithiol",1191-62-4,SCCCCCCCCS,,51806,0.8666576203376563,
"1,8-nonadiyne",2396-65-8,C#CCCCCCC#C,,622,0.9891286649507283,
"1,9-nonanedithiol",3489-28-9,SCCCCCCCCCS,,51805,0.8581841445808333,
"1-(1,1-dimethylethyl)-3,5-dimethylbenzene",98-19-1,Cc1cc(C)cc(c1)C(C)(C)C,,37850,0.9992546747740023,
"1-(1,1-dimethylethyl)-3-methylbenzene",1075-38-3,Cc1cccc(c1)C(C)(C)C,,39598,0.9993302587621629,
1-(1-methylethenyl)-4-(1-methylethyl)benzene,2388-14-9,CC(C)c1ccc(cc1)C(C)=C,,2943,0.9997853655679256,
"1-(2,5-dimethylphenyl)ethanone",2142-73-6,CC(=O)c1cc(C)ccc1C,,7253,0.9943184881625557,
"1-(3,4-dimethylphenyl)ethanone",3637-01-02 00:00:00,CC(=O)c1ccc(C)c(C)c1,,7316,0.993975720112905,
1-(ethenyloxy)decane,765-05-9,CCCCCCCCCCOC=C,,5211,0.9284232791516002,
1-(methylthio)-propane,3877-15-4,CCCSC,,26288,0.9108682934352039,
1-(methylthio)butane,628-29-5,CCCCSC,,25447,0.8840552732342191,
1-acetylpiperidine,618-42-8,CC(=O)N1CCCCC1,,6221,0.9960829239144838,
1-bromo-2-chloroethane,107-04-0,ClCCBr,,40778,0.979461749663593,
1-bromo-2-propanone,598-31-2,CC(=O)CBr,,5955,0.9674927292741189,
1-bromo-3-methylbutane,107-82-4,CC(C)CCBr,,9782,0.9998020514786441,
1-bromodecane,112-29-5,CCCCCCCCCCBr,,21359,0.9993859070774591,
1-bromoheptane,629-04-9,CCCCCCCBr,,20422,0.9994660419776621,
1-bromohexane,111-25-1,CCCCCCBr,,19838,0.9994495912415953,
1-bromododecane,143-15-7,CCCCCCCCCCCCBr,,21745,0.9994238041921625,
1-bromooctane,111-83-1,CCCCCCCCBr,,20864,0.999503115751389,
1-bromopropane,106-94-5,CCCBr,,16750,0.9997804875774846,
1-butoxy-2-propanol,5131-66-8,CCCCOCC(C)O,,25088,0.9710121290688178,
1-bromopentane,110-53-2,CCCCCBr,,19126,0.9994979507166298,
1-chloro-2-(chloromethyl)benzene,611-19-8,ClCc1ccccc1Cl,,40934,0.9979322498677262,
"1-chloro-2,2-dimethylpropane",753-89-9,CC(C)(C)CCl,,8012,0.999534282803162,
1-chloro-2-(1-methylethyl)benzene,2077-13-6,CC(C)c1ccccc1Cl,,10941,0.9999525510028235,
1-chloro-2-ethylbenzene,89-96-3,CCc1ccccc1Cl,,30674,0.9998655335957968,
2-(bis(1-methylethyl)amino)ethanol,96-80-0,CC(C)N(CCO)C(C)C,,10450,0.9081315077688429,
2-(dimethylamino)-ethanol,108-01-0,CN(C)CCO,,31066,0.8978383983390106,
2-(dimethylamino)ethyl-2-methyl-2-propenoate,2867-47-2,CC(=C)C(=O)OCCN(C)C,,2587,0.9918854925334569,
2-(ethylamino)ethanol,110-73-6,CCNCCO,,27136,0.8668431410203538,
2-(methylamino)-ethanol,109-83-1,CNCCO,,31931,0.8786477566542878,
2-(ethylthio)-ethanol,110-77-0,CCSCCO,,29938,0.6067053781183658,
2-(ethylthio)-2-methylpropane,14920-92-7,CCSC(C)(C)C,,29898,0.9261263628624719,
2-2-(2-butoxyethoxy)ethoxyethanol,143-22-6,CCCCOCCOCCOCCO,,25185,0.8642455848118493,
2-2-(2-methoxyethoxy)ethoxyethanol,112-35-6,COCCOCCOCCO,,33938,0.8991851628064431,
2-2-(2-ethoxyethoxy)ethoxyethanol,112-50-5,CCOCCOCCOCCO,,29027,0.9240368707568047,
2-2-(hexyloxy)ethoxyethanol,112-59-4,CCCCCCOCCOCCO,,23930,0.9137283781637602,
2-allylphenol,1745-81-9,Oc1ccccc1CC=C,,5000,-0.9541697996517952,
2-amino-1-butanol,96-20-8,CCC(N)CO,,15880,0.9061501397766513,
"2-bromo-2-chloro-1,1,1-trifluoroethane",151-67-7,FC(F)(F)C(Cl)Br,,41961,0.9835583555531496,
2-bromo-2-methylpropane,507-19-7,CC(C)(C)Br,,7679,0.9978544551479618,
2-bromobutane,78-76-2,CCC(C)Br,,14947,0.9992440650939114,
2-bromoethanol,540-51-2,OCCBr,,51065,0.6599617344313711,
2-bromopentane,107-81-3,CCCC(C)Br,,17200,0.9992067168379506,
2-butanethiol,513-53-1,CCC(C)S,,15401,0.8530314868082244,
2-bromopyridine,109-04-6,Brc1ccccn1,,286,0.9952432392872866,
2-butanoneoxime,96-29-7,CC\C(C)=N\O,,12026,0.9847684632613215,
2-butoxyethanol,111-76-2,CCCCOCCO,,25157,0.942582546402378,
2-bromothiophene,1003-09-4,Brc1sccc1,,289,0.986077427154146,
2-butoxyethanolacetate,112-07-2,CCCCOCCOC(C)=O,,25167,0.984322403809611,
2-butylphenol,3180-09-04 00:00:00,CCCCc1ccccc1O,,25680,0.9859836805771878,
2-butyn-1-ol,764-01-2,CC#CCO,,5702,0.9786832655327365,
2-chloro-2-fluoropropane,420-44-0,CC(C)(F)Cl,,8457,0.999567254325259,
2-chloro-2-propenenitrile,920-37-6,ClC(=C)C#N,,3129,0.9731574740560214,
2-chloro-2-methylbutane,594-36-5,CCC(C)(C)Cl,,14722,0.9973957781074549,
2-chloroaniline,95-51-2,Nc1ccccc1Cl,,45197,0.18675698569241864,
2-chloroethanol,107-07-3,OCCCl,,51181,0.7549444632038542,
2-chloroanisole,766-51-8,COc1ccccc1Cl,,36185,0.9369010529485634,
2-chlorobutane,78-86-4,CCC(C)Cl,,15291,0.9986231633454268,
2-chloroethylethylether,628-34-2,CCOCCCl,,28982,0.96609175232328,
2-chloropropionicacid,598-87-7,CC(Cl)C(O)=O,,11316,0.997226303080494,
2-chloropentane,625-29-6,CCCC(C)Cl,,17329,0.9986939211084565,
2-chloropyridine,109-09-1,Clc1ccccn1,,41557,0.9950689235117778,
2-chlorothiophene,96-43-5,Clc1sccc1,,41562,0.9884688452126693,
2-cyclohexen-1-one,930-68-7,O=C1CCCC=C1,,48063,0.9967797615293015,
2-decenal,3913-71-1,CCCCCCC\C=C/C=O,,20319,0.9860537802136969,
2-cyclopentylcyclopentanone,4884-24-6,O=C1CCCC1C2CCCC2,,48183,0.9960657280219084,
2-dimethylaminoacetonitrile,926-64-7,CN(C)CC#N,,30995,0.9647601254976977,
2-ethoxyaniline,94-70-2,CCOc1ccccc1N,,29764,0.9865211264654373,
"2-ethenyl-1,3,5-trimethylbenzene",769-25-5,Cc1cc(C)c(C=C)c(C)c1,,5444,0.9997100068886418,
2-ethoxyethanolacetate,111-15-9,CCOCCOC(C)=O,,29006,0.9924719301274258,
2-ethoxyethylacrylate,106-74-1,CCOCCOC(=O)C=C,,3705,0.9879976978616944,
"2-ethyl-1,3-hexanediol",94-96-2,CCCC(O)C(CC)CO,,17653,0.9958027400909887,
2-ethyl-1-butanol,97-95-0,CCC(CC)CO,,15663,0.9966080486277451,
"2-ethyl-1,3-dimethylbenzene",2870-04-04 00:00:00,CCc1c(C)cccc1C,,30191,0.9988391818510767,
2-ethyl-1-butene,760-21-4,CCC(=C)CC,,3036,0.9795022120805054,
"2,3-dimethylpyrazine",5910-89-4,Cc1nccnc1C,,40398,0.9942394625509106,
"2,3-dimethylpentane",565-59-3,CCC(C)C(C)C,,15010,0.9999875605053462,
"2,3-dimethylpyridine",583-61-9,Cc1cccnc1C,,40099,0.9967578673364246,
"2,3-dimethylthiophene",632-16-6,Cc1sccc1C,,40144,0.9998852147799776,
"2,3-hexanedione",3848-24-6,CCCC(=O)C(C)=O,,16793,0.971730620350836,
"2,3-pentanedione",600-14-6,CCC(=O)C(C)=O,,14234,0.9622636414232294,
"2,4,4-trimethyl-1-pentene",107-39-1,CC(=C)CC(C)(C)C,,2770,0.9951417620634776,
"2,4,4-trimethyl-2-pentanethiol",141-59-3,CC(C)(C)CC(C)(C)S,,7928,0.8586694735567985,
"2,4,4-trimethylhexane",16747-30-1,CCC(C)(C)CC(C)C,,14687,0.9999833756797666,
"2,4,5-trimethylthiazole",13623-11-5,CC1=C(SC(=N1)C)C,,40284,0.9978627323213543,
"2,4,6-cycloheptatrien-1-one",539-80-0,C1=CC=CC(=O)C=C1,,50578,0.9970818403407419,
"2,4,6-trimethylbenzenamine",88-05-1,CC1=CC(=C(C(=C1)C)N)C,,37730,0.9973835600400115,
"2,4-dichloro-1-methylbenzene",95-73-8,CC1=C(C=C(C=C1)Cl)Cl,,38832,0.9956141885908569,
"2,4-dichloro-1-(trifluoromethyl)-benzene",320-60-5,C1=CC(=C(C=C1Cl)Cl)C(F)(F)F,,42266,0.991448509921925,
"2,4-difluoroaniline",367-25-9,C1=CC(=C(C=C1F)F)N,,44975,0.8803435486927679,
"2,4-dimethyl-1,3-pentadiene",1000-86-8,CC(=CC(=C)C)C,,2748,0.9971706042000749,
"2,4-dimethyl-1-pentene",2213-32-3,CC(C)CC(C)=C,,2786,0.9919827001262401,
"2,4-dimethyl-2-pentanol",625-06-9,CC(C)CC(C)(C)O,,9575,0.9930825577568546,
"2,4-dimethylaniline",95-68-1,Cc1ccc(N)c(C)c1,,38893,0.9919745577988832,
"2,4-dimethyl-3-thiapentane",625-80-9,CC(C)SC(C)C,,10773,0.9382593962433555,
"2,4-dimethyl-2-pentene",625-65-0,CC(C)C=C(C)C,,8769,0.995177902112233,
"2,4-dimethyl-3-pentanol",600-36-2,CC(C)C(O)C(C)C,,9297,0.9803375469529297,
"2,4-dimethylbenzaldehyde",15764-16-6,Cc1ccc(C=O)c(C)c1,,38749,0.9914633498555669,
"2,4-dimethylpentane",108-08-7,CC(C)CC(C)C,,9602,0.9999914912130404,
"2,4-dimethylthiazole",541-58-2,Cc1scc(C)n1,,40237,0.9976702871780659,
"2,4-dimethylpyrrole",625-82-1,Cc1[nH]cc(C)c1,,37513,0.7992417163472751,
"2,4-dithiapentane",1618-26-4,CSCSC,,36540,0.9419811544343234,
"2,4-hexadienal",142-83-6,C/C=C/C=C/C=O,,1472,0.9930121562437944,
"2,5,8,11-tetraoxadodecane",112-49-2,COCCOCCOCCOC,,33939,0.9442689425188616,
"2,5-dichlorothiophene",3172-52-9,Clc1sc(Cl)cc1,,41345,0.9880389384458118,
"2,5-dihydrothiophene",1708-32-3,C1SCC=C1,,1923,0.833623323695693,
"2,5-dimethyl-1,5-hexadiene",627-58-7,CC(=C)CCC(C)=C,,2817,0.9902063215844389,
"2,5-dimethylfuran",625-86-5,Cc1oc(C)cc1,,38720,0.9779121900604176,
"2,5-dimethylpyrazine",123-32-0,Cc1cnc(C)cn1,,40177,0.996312213603879,
"2,5-dimethylhexane",592-13-2,CC(C)CCC(C)C,,9820,0.9999894032133854,
"2,5-dimethylpyridine",589-93-5,Cc1ccc(C)nc1,,38719,0.9964206583497389,
"2,5-dimethylthiophene",638-02-8,Cc1sc(C)cc1,,38721,0.9998023265050241,
"2,6-diisopropylaniline",24544-04-5,CC(C)c1cccc(C(C)C)c1N,,10920,-0.3663521223294718,
"2,6-dimethyl-1,3-dioxan-4-ol-acetate",828-00-2,CC1CC(OC(C)O1)OC(C)=O,,6790,0.9714370992166466,
"2,6-dimethyl-4-heptanol",108-80-7,CC(C)CC(O)CC(C)C,,9720,0.9941075365275202,
"2,6-dimethyl-heptane",1072-05-5,CC(C)CCCC(C)C,,9904,0.9999888803277305,
"2,6-dimethylmorpholine",141-91-3,CC1CNCC(C)O1,,13939,0.9978859785511298,
"2,6-dimethylpiperidine",504-03-0,CC1CCCC(N1)C,,13771,0.9964287588233192,
"2,7-dimethyloctane",1072-16-8,CC(C)CCCCC(C)C,,9982,0.999987187693509,
2-(2-aminoethoxy)ethanol,929-06-6,C(COCCO)N,,44528,0.9700122233057314,
2-(2-butoxyethoxy)ethanolacetate,124-17-4,CCCCOCCOCCOC(=O)C,,25183,0.9279843353486014,
2-(2-methoxyethoxy)ethanol,111-77-3,COCCOCCO,,33931,0.8614353409801263,
2-(2-ethoxyethoxy)-ethanolacetate,112-15-2,CCOCCOCCOC(=O)C,,29021,0.9601028843978688,
2-(2-propoxyethoxy)ethanol,6881-94-3,CCCOCCOCCO,,26106,0.9131283348263154,
2-(diethylamino)-ethanol,100-37-8,CCN(CC)CCO,,26812,0.8862449392900029,
"2,2'-(methylimino)bis-ethanol",105-59-9,CN(CCO)CCO,,31377,0.7735854996580265,
"2,2'-oxybis-butane",6863-58-7,CCC(C)OC(C)CC,,15376,0.9685744955256653,
"2,2'-thiobisethanol",111-48-8,OCCSCCO,,51244,0.6966451957232176,
"2,2'-thiobis2-methylpropane",107-47-1,CC(C)(C)SC(C)(C)C,,8220,0.9580048667510109,
"2,2,3,3-tetraflouro-1-propanol",76-37-9,OCC(F)(F)C(F)F,,50936,0.9943535455348422,
"2,2,3,3-tetramethylhexane",13475-81-5,CCCC(C)(C)C(C)(C)C,,17077,0.9999781933505842,
"2,2,3,4-tetramethylpentane",1186-53-4,CC(C)C(C)C(C)(C)C,,9173,0.9999871974661163,
"2,2,3,3-tetramethylpentane",7154-79-2,CCC(C)(C)C(C)(C)C,,14648,0.9999773062102175,
"2,2,3-trimethyl-butane",464-06-2,CC(C)C(C)(C)C,,9114,0.9999919290281366,
"2,2,3-trimethylpentane",564-02-3,CCC(C)C(C)(C)C,,14990,0.999981218190242,
"2,2,4,4,6,6-hexamethylcyclotrisilazane",1009-93-4,C[Si]1(N[Si](N[Si](N1)(C)C)(C)C)C,,37187,0.09024010612619375,
"2,2,4-trimethyl-2-pentene",107-40-4,CC(=CC(C)(C)C)C,,8759,0.9944254111555562,
"2,2,4,4-tetramethyl-3-pentanone",815-24-7,CC(C)(C)C(=O)C(C)(C)C,,7712,0.9945353502216524,
"2,2,4,4-tetramethylpentane",1070-87-7,CC(C)(C)CC(C)(C)C,,7917,0.9999886165559221,
"2,2,4-trimethyl-3-hydroxypentylisobutylate",77-68-9,CC(C)C(O)C(C)(C)COC(=O)C(C)C,,9059,0.8825938043549881,
"2,2,4,6,6-pentamethylheptane",13475-82-6,CC(CC(C)(C)C)CC(C)(C)C,,11043,0.9999858224397324,
"2,2,5-trimethylhexane",3522-94-9,CC(C)CCC(C)(C)C,,9807,0.999990944199251,
"2,2,5,5-tetramethylhexane",1071-81-4,CC(C)(C)CCC(C)(C)C,,7961,0.9999873808312936,
"2,2,6-trimethylcyclohexanone",2408-37-9,CC1CCCC(C)(C)C1=O,,13761,0.9951589873105718,
"2,2,6-trimethylheptane",1190-83-6,CC(C)CCCC(C)(C)C,,9898,0.9999915889425333,
"2,2-dichlorobutane",4279-22-5,CCC(C)(Cl)Cl,,14839,0.9998940772619764,
"2,2-diethoxyethanamine",645-36-3,CCOC(CN)OCC,,28702,0.9973649777348196,
"2,2-dichloropropane",594-20-7,CC(C)(Cl)Cl,,8449,0.9998894508764721,
"2,2-diethoxypropane",126-84-1,CCOC(C)(C)OCC,,28615,0.9633245570140921,
"2,2-difluoroethanol",359-13-7,OCC(F)F,,50938,0.998137585145392,
"2,2-dimethoxypropane",77-76-9,COC(C)(C)OC,,33241,0.979093150149401,
"2,2-dimethyl-3-pentanone",564-04-5,CCC(=O)C(C)(C)C,,14229,0.9953784131438985,
"2,2-dimethylbutyricacid",595-37-9,CCC(C)(C)C(O)=O,,14642,0.9938268982800459,
"2,2-dimethylcyclohexanone",1193-47-1,CC1(C)CCCCC1=O,,12577,0.9958963279239862,
"2,2-dimethylheptane",1071-26-7,CCCCCC(C)(C)C,,19314,0.9999877241094579,
"2,2-dimethylhexane",590-73-8,CCCCC(C)(C)C,,18316,0.9999822887492327,
"2,2-dimethylpentane",590-35-2,CCCC(C)(C)C,,17068,0.9999889349198365,
"2,3,3,4-tetramethylpentane",16747-38-9,CC(C)C(C)(C)C(C)C,,9126,0.9999918923688583,
"2,3,3-trimethyl-1-butene",594-56-9,CC(=C)C(C)(C)C,,2617,0.9968365548182461,
"2,3,3-trimethylpentane",560-21-4,CCC(C)(C)C(C)C,,14663,0.9999916115478572,
"2,3,3-trimethyl-1-pentene",560-23-6,CCC(C)(C)C(C)=C,,2626,0.99855962761821,
"2,3,4-trimethyl-2-pentene",565-77-5,CC(C)C(=C(C)C)C,,8677,0.9992996926708732,
"2,3,4-trimethylpentane",565-75-3,CC(C)C(C)C(C)C,,9177,0.9999907871802337,
"2,3,4-trimethylthiophene",1795-04-6,CC1=CSC(=C1C)C,,40236,0.9999071796789374,
"2,3,6-trimethylpyridine",1462-84-6,CC1=C(N=C(C=C1)C)C,,38639,0.996030634930152,
"2,3-dichloropentane",600-11-3,CCC(Cl)C(C)Cl,,15815,0.998679236559442,
"2,3-dihydrobenzofuran",496-16-2,C1COC2=CC=CC=C21,,52811,0.9484584879424071,
"2,3-dihydropyran",110-87-2,C1COC=CC1,,1934,0.9188878949325637,
"2,3-dihydrothiophene",1120-59-8,C1CC=CS1,,1941,0.9831352117084659,
"2,3-dimethyl-1,3-butadiene",513-81-5,CC(=C)C(=C)C,,2499,0.9997432743022547,
"2,3-dimethyl-1-pentene",3404-72-6,CCC(C)C(C)=C,,2642,0.9987847118313896,
"2,3-dimethyl-2-butanol",594-60-5,CC(C)C(C)(C)O,,9139,0.9946928007693632,
"2,3-dimethyl-2-butene",563-79-1,CC(C)=C(C)C,,8674,0.9960127719083028,
"2,3-dimethyl-2-hexene",7145-20-2,CCCC(C)=C(C)C,,17197,0.995821825030222,
"2,3-dimethyl-2-pentene",10574-37-5,CCC(C)=C(C)C,,14944,0.9969298911010888,
1-hexyn-3-ol,105-31-7,CCCC(C#C)O,,502,0.9988054496057098,
1-isocyanatobutane,111-36-4,CCCCN=C=O,,24739,0.9846066791356041,
1-iodopentane,628-17-1,CCCCCI,,24156,0.9998552487403958,
1-iodopropane,107-08-4,CCCI,,25704,0.9999250629352651,
1-iodobutane,542-69-8,CCCCI,,24619,0.9998828091072754,
1-iodo-hexane,637-45-9,CCCCCCI,,23757,0.9998047587153259,
1-isopropyl-4-methylcyclohexane,99-82-1,CC1CCC(CC1)C(C)C,,13636,0.9999813388990425,
1-methoxy-2-acetoxypropane,108-65-6,CC(COC)OC(=O)C,,33679,0.9948588190391539,
1-methoxy-2-methylbenzene,578-58-5,COc1ccccc1C,,36151,0.9500806983487257,
1-methoxy2-propanol,107-98-2,CC(COC)O,,33678,0.9459473742579678,
1-methoxynaphthalene,2216-69-5,COc1cccc2ccccc12,,36123,0.9986675812869171,
1-methyl-2-isopropylbenzene,527-84-4,CC(C)c1ccccc1C,,39955,0.9992581754400433,
1-methyl-2-ethylbenzene,611-14-3,CCc1ccccc1C,,30664,0.999041190306782,
1-methyl-3-(1-methylethyl)-benzene,535-77-3,CC(C)c1cccc(C)c1,,39601,0.9992981723249657,
1-methyl-2-propylbenzene,1074-17-5,CCCc1ccccc1C,,26525,0.9991785081210848,
1-methyl-3-ethylcyclopentane,3726-47-4,CCC1CCC(C)C1,,16602,0.9999759681531892,
1-methyl-3-propyl-benzene,1074-43-7,CCCc1cccc(C)c1,,26511,0.9990487675678117,
1-methyl-4-(1-methylethenyl)benzene,1195-32-0,CC(=C)c1ccc(C)cc1,,2948,0.9997981066035853,
"1-methyl-4-(1-methylethyl)-1,4-cyclohexadiene",99-85-4,CC(C)C1=CCC(=CC1)C,,13185,0.9990549154416295,
1-methyl-4-propylbenzene,1074-55-1,CCCc1ccc(C)cc1,,26484,0.9990766033370152,
1-methyl-pyrrolidine,120-94-5,CN1CCCC1,,31568,0.993130688755404,
1-methylcyclohexene,591-49-1,CC1=CCCCC1,,13238,0.9934695988793664,
1-methylcyclopentene,693-89-0,CC1=CCCC1,,13231,0.9924963128417162,
1-methylnaphthalene,90-12-0,Cc1cccc2ccccc12,,39886,0.9998888560381317,
1-methylpiperazine,109-01-3,CN1CCNCC1,,31623,0.996939196249058,
1-n-butylnaphthalene,1634-09-0,CCCCc1cccc2ccccc12,,25672,0.9998302423211047,
1-nonanethiol,1455-21-6,CCCCCCCCCS,,23154,0.8760359679305303,
1-nonanol,143-08-8,CCCCCCCCCO,,23099,0.9950469694854781,
1-octanethiol,111-88-6,CCCCCCCCS,,23394,0.9179743724254319,
1-nonyne,3452-09-03 00:00:00,CCCCCCCC#C,,625,0.9934554522535811,
1-octanamine,111-86-4,CCCCCCCCN,,23201,0.9977909963426702,
1-pentanethiol,110-66-7,CCCCCS,,24447,0.9060870455053057,
1-octen-3-ol,3391-86-4,CCCCCC(O)C=C,,3926,0.9895121966120068,
1-pentadecene,13360-61-7,CCCCCCCCCCCCCC=C,,4511,0.9983980123252622,
1-phenyl-1-pentanone,1009-14-9,CCCCC(=O)c1ccccc1,,18260,0.9971139799588175,
1-phenyl-2-propanone,103-79-7,CC(=O)Cc1ccccc1,,6150,0.9943227864160528,
1-phenylcyclohexene,771-98-2,C1CCC(=CC1)C2=CC=CC=C2,,1828,0.9995310037189573,
1-piperazineethanamine,140-31-8,C1CN(CCN1)CCN,,44513,0.9980256895383268,
1-propanethiol,107-03-9,CCCS,,26267,0.8806775989834355,
1-propoxy-2-propanol,1569-01-3,CCCOCC(C)O,,26056,0.9368687930865996,
1-piperidinecarboxaldehyde,2591-86-8,C1CCN(CC1)C=O,,48909,0.9969649405794686,
1-piperidinepropanenitrile,3088-41-3,C1CCN(CC1)CCC#N,,43571,0.9943495567916849,
1-tetradecene,1120-36-1,CCCCCCCCCCCCC=C,,4509,0.9984226561405666,
1-undecene,821-95-4,CCCCCCCCCC=C,,4476,0.998119614396737,
1-tridecene,2437-54-1,CCCCCCCCCCCC=C,,4507,0.998338600366594,
1-undecanethiol,5332-52-5,CCCCCCCCCCCS,,22920,0.8968469652418352,
1-undecyne,2243-98-3,CCCCCCCCCC#C,,632,0.9926405872985153,
"1a,2a,4a-1,2,4-trimethylcyclopentane",2613-72-1,CC1CC(C)C(C)C1,,13484,0.9999669326105087,
"1a,3a,5b-trimethylcyclohexane",1795-26-2,CC1CC(CC(C1)C)C,,13499,0.9999845796624459,
1h-indene,95-13-6,C1C=CC2=CC=CC=C21,,1976,0.9998374406010602,
"2-ethyl-1,4-dimethylbenzene",1758-88-9,CCc1cc(C)ccc1C,,30298,0.9990919316750241,
2-ethyl-hexanal,123-05-7,CCCCC(CC)C=O,,18498,0.9963901167223687,
2-ethylbenzeneamine,578-54-1,CCc1ccccc1N,,30676,0.9554053136934344,
2-ethylbutyraldehyde,97-96-1,CCC(CC)C=O,,15478,0.9964829716771528,
2-ethylbutyricacid,88-09-5,CCC(CC)C(O)=O,,15583,0.9923719827981327,
2-ethylhexylamine,104-75-6,CCCCC(CC)CN,,18591,0.9979787994792533,
2-ethylhexanethiol,7341-17-5,CCCCC(CC)CS,,18637,0.91467152510164,
2-ethylpyridine,100-71-0,CCc1ccccn1,,30690,0.9968289122209947,
2-ethylstyrene,7564-63-8,CCc1ccccc1C=C,,5565,0.9998291327200693,
2-fluoroanisole,321-28-8,COc1ccccc1F,,36186,0.9101364157080907,
2-fluorobenzaldehyde,446-52-6,Fc1ccccc1C=O,,49070,0.9714418960076586,
2-fluoroethanol,371-62-0,OCCF,,51182,0.979523798188108,
2-fluorotoluene,95-52-3,Cc1ccccc1F,,40000,0.9999803212240954,
2-heptanone,110-43-0,CCCCCC(C)=O,,19361,0.9957757037056422,
2-hexanone,591-78-6,CCCCC(C)=O,,18409,0.9962059630849913,
2-hexanethiol,1679-06-7,CCCCC(C)S,,18489,0.8571460886094369,
2-hexyloxyethanol,112-25-4,CCCCCCOCCO,,23924,0.9562317846916929,
2-hydroxy-2-methylpropanenitrile,75-86-5,CC(C)(O)C#N,,8497,0.9829835404731996,
2-hexyne,764-35-2,CCCC#CC,,5679,0.9855939108904876,
2-hydroxy-benzoicacidmethylester,119-36-8,COC(=O)c1ccccc1O,,33154,0.9066856233280742,
2-hydroxy-propanoicacid-methylester,547-64-8,COC(=O)C(C)O,,32294,0.7262396659930396,
2-hydroxypropanenitrile,78-97-7,CC(O)C#N,,11637,0.9865206209935633,
2-iodopropane,75-30-9,CC(C)I,,10422,0.999737202809123,
2-isopropoxyethanol,109-59-1,CC(C)OCCO,,10667,0.9200593991908957,
2-isopropyl-6-methylphenol,3228-04-04 00:00:00,CC(C)c1cccc(C)c1O,,39603,0.9669252736723247,
2-methoxy-4-(1-propenyl)phenol,97-54-1,COc1cc(\C=C\C)ccc1O,,1655,0.9508756369464355,
2-methoxyethanamine,109-85-3,COCCN,,33872,0.9975859872308368,
2-methoxythiophene,16839-97-7,COc1sccc1,,36218,0.9916741874655801,
"2-methyl-1,3-propanediol",2163-42-0,CC(CO)CO,,11204,0.9971960173996427,
2-methyl-1-butanol,137-32-6,CCC(C)CO,,15263,0.9910480308399469,
"2-methyl-1,5-hexadiene",4049-81-4,CC(=C)CCC=C,,4341,0.9934737736024337,
2-methyl-1-(methylthio)-propane,5008-69-5,CSCC(C)C,,36498,0.8908058687824523,
2-methyl-1-heptene,15870-10-7,CCCCCC(C)=C,,2838,0.9880082773127051,
2-methyl-1-hexene,6094-02-06 00:00:00,CCCCC(C)=C,,2825,0.9853821142189294,
2-methyl-1-nonene,2980-71-4,CCCCCCCC(C)=C,,2840,0.989625772524266,
2-methyl-1-octene,4588-18-5,CCCCCCC(C)=C,,2839,0.9881558403241391,
2-methyl-1-propanamine,78-81-9,CC(C)CN,,10211,0.9979990507992688,
2-methyl-1-propanethiol,513-44-0,CC(C)CS,,10355,0.8822603881978055,
2-methyl-1-phenyl-1-propanone,611-70-1,CC(C)C(=O)c1ccccc1,,9076,0.9902781161036909,
2-methyl-2-(methylthio)-propane,6163-64-0,CSC(C)(C)C,,36451,0.935889410633141,
2-methyl-2-heptanol,625-25-2,CCCCCC(C)(C)O,,19323,0.992714235430632,
2-methyl-2-heptene,627-97-4,CCCCC=C(C)C,,19116,0.9930752819970833,
2-methyl-2-hexene,2738-19-4,CCCC=C(C)C,,18047,0.9904565768716143,
adipinsaeurediethylester,141-28-6,CCOC(=O)CCCCC(=O)OCC,3.0,28082,0.9573194097226404,
butyllaurate,106-18-3,CCCCCCCCCCCC(=O)OCCCC,3.0,21621,0.987852426437989,
diethylphthalate,84-66-2,CCOC(=O)C1=CC=CC=C1C(=O)OCC,3.0,28490,0.9798886759201415,
dimethylphthalate,131-11-3,COC(=O)C1=CC=CC=C1C(=O)OC,3.0,33132,0.9904149235328289,
ethylsuccinate,123-25-1,CCOC(=O)CCC(=O)OCC,3.0,28040,0.9802821258221409,
methyllinolenate,301-00-8,CC/C=C\C/C=C\C/C=C\CCCCCCCC(=O)OC,3.0,12241,0.9940806869348223,
n-propylacetate,109-60-4,CCCOC(=O)C,3.0,26016,0.9944265988330924,
propionicacid,79-09-4,CCC(=O)O,8.0,14380,0.9908194625149078,
"r,r-diisopropylenglycol",110-98-5,CC(COCC(C)O)O,5.0,11797,0.9736948166977585,
2-pyrrolidon,616-45-5,C1CC(=O)NC1,2.0,48297,0.9536669267132047,
"1,4-cineol",470-67-7,CC(C)C12CCC(O1)(CC2)C,3.0,9370,0.9892542784324915,
decanedioicaciddibutylester,109-43-3,CCCCOC(=O)CCCCCCCCC(=O)OCCCC,3.0,24906,0.9575600475240778,
rhodiasolv-dib1_cas_141_04_8,141-04-8,CC(C)COC(=O)CCCCC(=O)OCC(C)C,3.0,10262,0.9747771388465896,
rhodiasolv-dib3_cas_71195_64_7,71195-64-7,CC(C)COC(=O)CCCC(=O)OCC(C)C,3.0,10261,0.8650716472382793,
rhodiasolv-dib2_cas_925_06_4,925-06-4,CC(C)COC(=O)CCC(=O)OCC(C)C,3.0,10260,0.9544316581570546,
ethyl-linolenate,1191-41-9,CC/C=C\C/C=C\C/C=C\CCCCCCCC(=O)OCC,3.0,12242,0.8330078311361535,
ethyltetradecanoate,124-06-1,CCCCCCCCCCCCCC(=O)OCC,3.0,21916,0.9821899545075936,
isopropylacetate,108-21-4,CC(C)OC(=O)C,3.0,6639,0.9954690713750655,
isopropylbutadecanoate,110-27-0,CCCCCCCCCCCCCC(=O)OC(C)C,3.0,21910,0.9871002336312266,
dodecanoicacidmethylester,111-82-0,CCCCCCCCCCCC(=O)OC,3.0,21592,0.9857326577586623,
methyllinoleate,112-63-0,CCCCC/C=C\C/C=C\CCCCCCCC(=O)OC,3.0,18944,0.9716491427763958,
methyltetradecanoate,124-10-7,CCCCCCCCCCCCCC(=O)OC,3.0,21909,0.9865239082214654,
hexadecanoicacidmethylester,112-39-0,CCCCCCCCCCCCCCCC(=O)OC,3.0,22143,0.9867612001781136,
triethylcitrate,77-93-0,CCOC(=O)CC(CC(=O)OCC)(C(=O)OCC)O,3.0,27994,0.8333087316080502,
